,player,position,minutes,field_goal_perc,three_point_perc,free_throw_perc,rebounds,assists,steals,blocks,points,team,conference,scorer_category
0,Russell Westbrook,PG,34.6,0.425,0.343,0.845,10.7,10.4,1.6,0.4,31.6,OKC,West,High Scorer
1,James Harden,PG,36.4,0.44,0.34700000000000003,0.847,8.1,11.2,1.5,0.5,29.1,HOU,West,High Scorer
2,Isaiah Thomas,PG,33.8,0.463,0.379,0.909,2.7,5.9,0.9,0.2,28.9,BOS,East,High Scorer
3,Anthony Davis,C,36.1,0.505,0.299,0.802,11.8,2.1,1.3,2.2,28.0,NO,West,High Scorer
4,DeMar DeRozan,SG,35.4,0.467,0.266,0.8420000000000001,5.2,3.9,1.1,0.2,27.3,TOR,East,High Scorer
5,DeMarcus Cousins,C,34.2,0.452,0.361,0.772,11.0,4.6,1.4,1.3,27.0,NO/SAC,West,High Scorer
6,Damian Lillard,PG,35.9,0.444,0.37,0.895,4.9,5.9,0.9,0.3,27.0,POR,West,High Scorer
7,LeBron James,SF,37.8,0.5479999999999999,0.363,0.674,8.6,8.7,1.2,0.6,26.4,CLE,East,High Scorer
8,Kawhi Leonard,SF,33.4,0.485,0.38,0.88,5.8,3.5,1.8,0.7,25.5,SA,West,High Scorer
9,Stephen Curry,PG,33.4,0.468,0.411,0.898,4.5,6.6,1.8,0.2,25.3,GS,West,High Scorer
10,Kyrie Irving,PG,35.1,0.473,0.401,0.905,3.2,5.8,1.2,0.3,25.2,CLE,East,High Scorer
11,Kevin Durant,SF,33.4,0.537,0.375,0.875,8.3,4.8,1.1,1.6,25.1,GS,West,High Scorer
12,Karl-Anthony Towns,C,37.0,0.542,0.3670000000000001,0.8320000000000001,12.3,2.7,0.7,1.3,25.1,MIN,West,High Scorer
13,Jimmy Butler,SF,37.0,0.455,0.3670000000000001,0.865,6.2,5.5,1.9,0.4,23.9,CHI,East,High Scorer
14,Paul George,SF,35.9,0.461,0.393,0.898,6.6,3.3,1.6,0.4,23.7,IND,East,High Scorer
15,Andrew Wiggins,SF,37.2,0.452,0.35600000000000004,0.76,4.0,2.3,1.0,0.4,23.6,MIN,West,High Scorer
16,Kemba Walker,PG,34.7,0.444,0.399,0.847,3.9,5.5,1.1,0.3,23.2,CHA,East,High Scorer
17,Bradley Beal,SG,34.9,0.482,0.404,0.825,3.1,3.5,1.1,0.3,23.1,WSH,East,High Scorer
18,John Wall,PG,36.4,0.451,0.327,0.8009999999999999,4.2,10.7,2.0,0.6,23.1,WSH,East,High Scorer
19,Giannis Antetokounmpo,SF,35.6,0.521,0.272,0.77,8.8,5.4,1.6,1.9,22.9,MIL,East,High Scorer
20,Carmelo Anthony,SF,34.3,0.433,0.359,0.833,5.9,2.9,0.8,0.5,22.4,NY,East,High Scorer
21,Kyle Lowry,PG,37.4,0.464,0.412,0.8190000000000001,4.8,7.0,1.5,0.3,22.4,TOR,East,High Scorer
22,Klay Thompson,SG,34.0,0.468,0.414,0.853,3.7,2.1,0.8,0.5,22.3,GS,West,High Scorer
23,Devin Booker,SG,35.0,0.423,0.363,0.8320000000000001,3.2,3.4,0.9,0.3,22.1,PHX,West,High Scorer
24,Gordon Hayward,SF,34.5,0.471,0.398,0.8440000000000001,5.4,3.5,1.0,0.3,21.9,UTAH,West,High Scorer
25,Blake Griffin,PF,34.0,0.493,0.336,0.76,8.1,4.9,0.9,0.4,21.6,LAC,West,High Scorer
26,Eric Bledsoe,PG,33.0,0.434,0.335,0.847,4.8,6.3,1.4,0.5,21.1,PHX,West,High Scorer
27,Mike Conley,PG,33.2,0.46,0.408,0.8590000000000001,3.5,6.3,1.3,0.3,20.5,MEM,West,High Scorer
28,Brook Lopez,C,29.6,0.474,0.34600000000000003,0.81,5.4,2.3,0.5,1.7,20.5,BKN,East,High Scorer
29,Goran Dragic,PG,33.7,0.475,0.405,0.79,3.8,5.8,1.2,0.2,20.3,MIA,East,High Scorer
30,Joel Embiid,C,25.4,0.466,0.3670000000000001,0.7829999999999999,7.8,2.1,0.9,2.5,20.2,PHI,East,High Scorer
31,Jabari Parker,PF,33.9,0.49,0.365,0.743,6.2,2.8,1.0,0.4,20.1,MIL,East,High Scorer
32,Marc Gasol,C,34.2,0.459,0.388,0.8370000000000001,6.3,4.6,0.9,1.3,19.5,MEM,West,Average Scorer
33,Harrison Barnes,PF,35.5,0.468,0.35100000000000003,0.861,5.0,1.5,0.8,0.2,19.2,DAL,West,Average Scorer
34,Kevin Love,PF,31.4,0.4270000000000001,0.373,0.871,11.1,1.9,0.9,0.4,19.0,CLE,East,Average Scorer
35,Zach LaVine,SG,37.2,0.459,0.387,0.836,3.4,3.0,0.9,0.2,18.9,MIN,West,Average Scorer
36,Rudy Gay,SF,33.8,0.455,0.3720000000000001,0.855,6.3,2.8,1.5,0.9,18.7,SAC,West,Average Scorer
37,Dwyane Wade,SG,29.9,0.434,0.31,0.794,4.5,3.8,1.4,0.7,18.3,CHI,East,Average Scorer
38,Danilo Gallinari,SF,33.9,0.447,0.389,0.902,5.2,2.1,0.6,0.2,18.2,DEN,West,Average Scorer
39,Paul Millsap,PF,34.0,0.442,0.311,0.768,7.7,3.7,1.3,0.9,18.1,ATL,East,Average Scorer
40,Chris Paul,PG,31.5,0.476,0.411,0.892,5.0,9.2,2.0,0.1,18.1,LAC,West,Average Scorer
41,Kristaps Porzingis,PF,32.8,0.45,0.35700000000000004,0.7859999999999999,7.2,1.5,0.7,2.0,18.1,NY,East,Average Scorer
42,Derrick Rose,PG,32.5,0.471,0.217,0.8740000000000001,3.8,4.4,0.7,0.3,18.0,NY,East,Average Scorer
43,Dennis Schroder,PG,31.5,0.451,0.34,0.855,3.1,6.3,0.9,0.2,17.9,ATL,East,Average Scorer
44,Lou Williams,SG,24.6,0.429,0.365,0.88,2.5,3.0,1.0,0.2,17.5,HOU/LAL,West,Average Scorer
45,LaMarcus Aldridge,PF,32.4,0.477,0.411,0.812,7.3,1.9,0.6,1.2,17.3,SA,West,Average Scorer
46,Evan Fournier,SG,32.9,0.439,0.35600000000000004,0.805,3.1,3.0,1.0,0.1,17.2,ORL,East,Average Scorer
47,Hassan Whiteside,C,32.6,0.557,,0.628,14.1,0.7,0.7,2.1,17.0,MIA,East,Average Scorer
48,George Hill,PG,31.5,0.477,0.403,0.8009999999999999,3.4,4.2,1.0,0.2,16.9,UTAH,West,Average Scorer
49,Nikola Jokic,C,27.9,0.578,0.324,0.825,9.8,4.9,0.8,0.8,16.7,DEN,West,Average Scorer
50,Avery Bradley,SG,33.4,0.463,0.39,0.731,6.1,2.2,1.2,0.2,16.3,BOS,East,Average Scorer
51,Eric Gordon,SG,31.0,0.406,0.3720000000000001,0.84,2.7,2.5,0.6,0.5,16.2,HOU,West,Average Scorer
52,Tobias Harris,PF,31.3,0.481,0.34700000000000003,0.841,5.1,1.7,0.7,0.5,16.1,DET,East,Average Scorer
53,Victor Oladipo,SG,33.2,0.442,0.361,0.753,4.3,2.6,1.2,0.3,15.9,OKC,West,Average Scorer
54,Dion Waiters,SG,30.1,0.424,0.395,0.6459999999999999,3.3,4.3,0.9,0.4,15.8,MIA,East,Average Scorer
55,Wilson Chandler,SF,30.9,0.461,0.337,0.727,6.5,2.0,0.7,0.4,15.7,DEN,West,Average Scorer
56,D'Angelo Russell,PG,28.7,0.405,0.35200000000000004,0.782,3.5,4.8,1.4,0.3,15.6,LAL,West,Average Scorer
57,Jrue Holiday,PG,32.7,0.454,0.35600000000000004,0.708,3.9,7.3,1.5,0.7,15.4,NO,West,Average Scorer
58,Jeff Teague,PG,32.4,0.442,0.35700000000000004,0.867,4.0,7.8,1.2,0.4,15.3,IND,East,Average Scorer
59,Nicolas Batum,SG,34.0,0.403,0.333,0.856,6.2,5.9,1.1,0.4,15.1,CHA,East,Average Scorer
60,Gary Harris,SG,31.3,0.502,0.42,0.7759999999999999,3.1,2.9,1.2,0.1,14.9,DEN,West,Average Scorer
61,Serge Ibaka,PF,30.7,0.48,0.391,0.856,6.8,0.9,0.5,1.6,14.8,ORL/TOR,East,Average Scorer
62,Jordan Clarkson,SG,29.2,0.445,0.329,0.7979999999999999,3.0,2.6,1.1,0.1,14.7,LAL,West,Average Scorer
63,Khris Middleton,SF,30.7,0.45,0.433,0.88,4.2,3.4,1.4,0.2,14.7,MIL,East,Average Scorer
64,Nikola Vucevic,C,28.8,0.468,0.307,0.669,10.4,2.8,1.0,1.0,14.6,ORL,East,Average Scorer
65,Reggie Jackson,PG,27.4,0.419,0.359,0.868,2.2,5.2,0.7,0.1,14.5,DET,East,Average Scorer
66,Jeremy Lin,PG,24.5,0.438,0.3720000000000001,0.816,3.8,5.1,1.2,0.4,14.5,BKN,East,Average Scorer
67,Myles Turner,C,31.4,0.511,0.348,0.809,7.3,1.3,0.9,2.1,14.5,IND,East,Average Scorer
68,Enes Kanter,C,21.3,0.545,0.132,0.7859999999999999,6.7,0.9,0.4,0.5,14.3,OKC,West,Average Scorer
69,Dirk Nowitzki,PF,26.4,0.4370000000000001,0.378,0.875,6.5,1.5,0.6,0.7,14.2,DAL,West,Average Scorer
70,Jordan Crawford,SG,23.3,0.482,0.389,0.769,1.8,3.0,0.6,0.1,14.1,NO,West,Average Scorer
71,Zach Randolph,PF,24.5,0.449,0.223,0.731,8.2,1.7,0.5,0.1,14.1,MEM,West,Average Scorer
72,Rudy Gobert,C,33.9,0.6609999999999999,0.0,0.653,12.8,1.2,0.6,2.6,14.0,UTAH,West,Average Scorer
73,Al Horford,C,32.3,0.473,0.355,0.8,6.8,5.0,0.8,1.3,14.0,BOS,East,Average Scorer
74,Marcus Morris,SF,32.5,0.418,0.331,0.784,4.6,2.0,0.7,0.3,14.0,DET,East,Average Scorer
75,Markieff Morris,PF,31.2,0.457,0.362,0.8370000000000001,6.5,1.7,1.1,0.6,14.0,WSH,East,Average Scorer
76,Jae Crowder,SF,32.4,0.463,0.398,0.8109999999999999,5.8,2.2,1.0,0.3,13.9,BOS,East,Average Scorer
77,Kentavious Caldwell-Pope,SG,33.3,0.399,0.35,0.8320000000000001,3.3,2.5,1.2,0.2,13.8,DET,East,Average Scorer
78,Will Barton,SG,28.4,0.443,0.37,0.753,4.3,3.4,0.8,0.5,13.7,DEN,West,Average Scorer
79,Bojan Bogdanovic,SF,25.7,0.445,0.3670000000000001,0.893,3.4,1.4,0.4,0.1,13.7,BKN/WSH,East,Average Scorer
80,Tyler Johnson,PG,29.8,0.433,0.3720000000000001,0.768,4.0,3.2,1.2,0.6,13.7,MIA,East,Average Scorer
81,Ryan Anderson,PF,29.4,0.418,0.403,0.86,4.6,0.9,0.4,0.2,13.6,HOU,West,Average Scorer
82,Andre Drummond,C,29.7,0.53,0.28600000000000003,0.386,13.8,1.1,1.5,1.1,13.6,DET,East,Average Scorer
83,Dwight Howard,C,29.7,0.633,0.0,0.5329999999999999,12.7,1.4,0.9,1.2,13.5,ATL,East,Average Scorer
84,Wesley Matthews,SG,34.2,0.393,0.363,0.816,3.5,2.9,1.1,0.2,13.5,DAL,West,Average Scorer
85,Darren Collison,PG,30.3,0.476,0.417,0.86,2.2,4.6,1.0,0.1,13.2,SAC,West,Average Scorer
86,Julius Randle,PF,28.8,0.488,0.27,0.723,8.6,3.6,0.7,0.5,13.2,LAL,West,Average Scorer
87,Nick Young,SG,25.9,0.43,0.404,0.856,2.3,1.0,0.6,0.2,13.2,LAL,West,Average Scorer
88,Sean Kilpatrick,SG,25.1,0.415,0.341,0.843,4.0,2.2,0.6,0.1,13.1,BKN,East,Average Scorer
89,Robert Covington,SF,31.6,0.399,0.333,0.8220000000000001,6.5,1.5,1.9,1.0,12.9,PHI,East,Average Scorer
90,Seth Curry,PG,29.0,0.481,0.425,0.85,2.6,2.7,1.1,0.1,12.8,DAL,West,Average Scorer
91,James Johnson,PF,27.4,0.479,0.34,0.7070000000000001,4.9,3.6,1.0,1.1,12.8,MIA,East,Average Scorer
92,Elfrid Payton,PG,29.4,0.471,0.274,0.6920000000000001,4.7,6.5,1.1,0.5,12.8,ORL,East,Average Scorer
93,Dario Saric,PF,26.3,0.411,0.311,0.782,6.3,2.2,0.7,0.4,12.8,PHI,East,Average Scorer
94,Aaron Gordon,SF,28.7,0.454,0.28800000000000003,0.7190000000000001,5.1,1.9,0.8,0.5,12.7,ORL,East,Average Scorer
95,Rodney Hood,SG,27.0,0.408,0.371,0.7829999999999999,3.4,1.6,0.6,0.2,12.7,UTAH,West,Average Scorer
96,DeAndre Jordan,C,31.7,0.7140000000000001,0.0,0.482,13.8,1.2,0.6,1.7,12.7,LAC,West,Average Scorer
97,Clint Capela,C,23.9,0.643,,0.531,8.1,1.0,0.5,1.2,12.6,HOU,West,Average Scorer
98,Pau Gasol,C,25.4,0.502,0.5379999999999999,0.7070000000000001,7.8,2.3,0.4,1.1,12.4,SA,West,Average Scorer
99,Jamal Crawford,SG,26.3,0.413,0.36,0.857,1.6,2.6,0.7,0.2,12.3,LAC,West,Average Scorer
100,Austin Rivers,SG,27.8,0.442,0.371,0.691,2.2,2.8,0.6,0.1,12.0,LAC,West,Average Scorer
101,Jonas Valanciunas,C,25.8,0.557,0.5,0.8109999999999999,9.5,0.7,0.5,0.8,12.0,TOR,East,Average Scorer
102,Jahlil Okafor,C,22.7,0.514,,0.6709999999999999,4.8,1.2,0.4,1.0,11.8,PHI,East,Average Scorer
103,Trevor Ariza,SF,34.7,0.409,0.344,0.738,5.7,2.2,1.8,0.3,11.7,HOU,West,Average Scorer
104,Frank Kaminsky,C,26.1,0.399,0.328,0.7559999999999999,4.5,2.2,0.6,0.5,11.7,CHA,East,Average Scorer
105,Greg Monroe,C,22.5,0.5329999999999999,0.0,0.741,6.6,2.3,1.1,0.5,11.7,MIL,East,Average Scorer
106,Steven Adams,C,29.9,0.5710000000000001,0.0,0.611,7.7,1.1,1.1,1.0,11.3,OKC,West,Average Scorer
107,Marvin Williams,PF,30.2,0.422,0.35,0.873,6.6,1.4,0.8,0.7,11.2,CHA,East,Average Scorer
108,Ricky Rubio,PG,32.9,0.402,0.306,0.8909999999999999,4.1,9.1,1.7,0.1,11.1,MIN,West,Average Scorer
109,Jerryd Bayless,PG,23.7,0.344,0.4,0.9,4.0,4.3,0.0,0.0,11.0,PHI,East,Average Scorer
110,Kent Bazemore,SF,26.9,0.409,0.34600000000000003,0.708,3.2,2.4,1.2,0.7,11.0,ATL,East,Average Scorer
111,Brandon Knight,SG,21.1,0.398,0.324,0.857,2.2,2.4,0.5,0.1,11.0,PHX,West,Average Scorer
112,Emmanuel Mudiay,PG,25.6,0.377,0.315,0.784,3.2,3.9,0.7,0.2,11.0,DEN,West,Average Scorer
113,Terrence Ross,SF,25.1,0.4370000000000001,0.363,0.831,2.6,1.1,1.1,0.4,11.0,ORL/TOR,East,Average Scorer
114,Thaddeus Young,PF,30.2,0.527,0.381,0.523,6.1,1.6,1.5,0.4,11.0,IND,East,Average Scorer
115,J.J. Barea,PG,22.0,0.414,0.358,0.863,2.4,5.5,0.4,0.0,10.9,DAL,West,Average Scorer
116,Justise Winslow,SF,34.7,0.35600000000000004,0.2,0.617,5.2,3.7,1.4,0.3,10.9,MIA,East,Average Scorer
117,Marcin Gortat,C,31.2,0.579,0.0,0.648,10.4,1.5,0.5,0.7,10.8,WSH,East,Average Scorer
118,Courtney Lee,SG,31.9,0.456,0.401,0.867,3.4,2.3,1.1,0.3,10.8,NY,East,Average Scorer
119,Allen Crabbe,SG,28.5,0.468,0.444,0.847,2.9,1.2,0.7,0.3,10.7,POR,West,Average Scorer
120,Alex Poythress,PF,26.2,0.463,0.316,0.8,4.8,0.8,0.5,0.3,10.7,PHI,East,Average Scorer
121,Buddy Hield,SG,23.0,0.426,0.391,0.8420000000000001,3.3,1.5,0.5,0.1,10.6,NO/SAC,West,Average Scorer
122,Nikola Mirotic,PF,24.0,0.413,0.342,0.773,5.5,1.1,0.8,0.8,10.6,CHI,East,Average Scorer
123,Marcus Smart,SG,30.4,0.359,0.28300000000000003,0.812,3.9,4.6,1.6,0.4,10.6,BOS,East,Average Scorer
124,Marco Belinelli,SG,24.0,0.429,0.36,0.893,2.4,2.0,0.6,0.1,10.5,CHA,East,Average Scorer
125,Wayne Ellington,SG,24.2,0.416,0.378,0.86,2.1,1.1,0.6,0.1,10.5,MIA,East,Average Scorer
126,Robin Lopez,C,28.0,0.493,0.0,0.721,6.4,1.0,0.2,1.4,10.4,CHI,East,Average Scorer
127,Mason Plumlee,C,26.5,0.536,0.0,0.58,7.5,3.5,0.9,1.1,10.4,DEN/POR,West,Average Scorer
128,Tyreke Evans,SF,19.7,0.405,0.35600000000000004,0.75,3.4,3.1,0.9,0.2,10.3,NO/SAC,West,Average Scorer
129,Cody Zeller,PF,27.8,0.5710000000000001,0.0,0.679,6.5,1.6,1.0,0.9,10.3,CHA,East,Average Scorer
130,Malcolm Brogdon,SG,26.4,0.457,0.404,0.865,2.8,4.2,1.1,0.2,10.2,MIL,East,Average Scorer
131,Draymond Green,PF,32.5,0.418,0.308,0.7090000000000001,7.9,7.0,2.0,1.4,10.2,GS,West,Average Scorer
132,Jon Leuer,PF,25.9,0.48,0.293,0.867,5.4,1.5,0.4,0.3,10.2,DET,East,Average Scorer
133,Jusuf Nurkic,C,21.4,0.507,0.0,0.5710000000000001,7.2,1.9,0.8,1.1,10.2,DEN/POR,West,Average Scorer
134,Josh Richardson,SG,30.5,0.394,0.33,0.779,3.2,2.6,1.1,0.7,10.2,MIA,East,Average Scorer
135,Kyle Korver,SG,26.2,0.464,0.451,0.905,2.8,1.6,0.5,0.3,10.1,ATL/CLE,East,Average Scorer
136,Tony Parker,PG,25.2,0.466,0.333,0.726,1.8,4.5,0.5,0.0,10.1,SA,West,Average Scorer
137,Trevor Booker,PF,24.7,0.516,0.321,0.6729999999999999,8.0,1.9,1.1,0.4,10.0,BKN,East,Low Scorer
138,Gorgui Dieng,PF,32.4,0.502,0.3720000000000001,0.8140000000000001,7.9,1.9,1.1,1.2,10.0,MIN,West,Low Scorer
139,Maurice Harkless,SF,28.9,0.503,0.35100000000000003,0.621,4.4,1.1,1.1,0.9,10.0,POR,West,Low Scorer
140,Ty Lawson,PG,25.1,0.454,0.28800000000000003,0.797,2.6,4.8,1.1,0.1,9.9,SAC,West,Low Scorer
141,Shabazz Muhammad,SF,19.4,0.482,0.338,0.774,2.8,0.4,0.3,0.1,9.9,MIN,West,Low Scorer
142,Jamal Murray,SG,21.5,0.404,0.334,0.883,2.6,2.1,0.6,0.3,9.9,DEN,West,Low Scorer
143,Richaun Holmes,C,20.9,0.5579999999999999,0.35100000000000003,0.6990000000000001,5.5,1.0,0.7,1.0,9.8,PHI,East,Low Scorer
144,Jeremy Lamb,SG,18.4,0.46,0.281,0.853,4.3,1.2,0.4,0.4,9.7,CHA,East,Low Scorer
145,Kenneth Faried,PF,21.2,0.5479999999999999,0.0,0.693,7.6,0.9,0.7,0.7,9.6,DEN,West,Low Scorer
146,E'Twaun Moore,SG,24.9,0.457,0.37,0.77,2.1,2.2,0.7,0.4,9.6,NO,West,Low Scorer
147,Patrick Beverley,SG,30.7,0.42,0.382,0.768,5.9,4.2,1.5,0.4,9.5,HOU,West,Low Scorer
148,Derrick Favors,PF,23.7,0.487,0.3,0.615,6.1,1.1,0.9,0.8,9.5,UTAH,West,Low Scorer
149,Patty Mills,PG,21.9,0.44,0.414,0.825,1.8,3.5,0.8,0.0,9.5,SA,West,Low Scorer
150,Nik Stauskas,SG,27.4,0.396,0.368,0.813,2.8,2.4,0.6,0.4,9.5,PHI,East,Low Scorer
151,Michael Beasley,PF,16.7,0.532,0.419,0.743,3.4,0.9,0.5,0.5,9.4,MIL,East,Low Scorer
152,Brandon Ingram,SF,28.8,0.402,0.294,0.621,4.0,2.1,0.6,0.5,9.4,LAL,West,Low Scorer
153,Ish Smith,PG,24.1,0.439,0.267,0.706,2.9,5.2,0.8,0.4,9.4,DET,East,Low Scorer
154,Cory Joseph,PG,25.0,0.452,0.35600000000000004,0.77,2.9,3.3,0.8,0.2,9.3,TOR,East,Low Scorer
155,Marquese Chriss,PF,21.3,0.449,0.321,0.624,4.2,0.7,0.8,0.9,9.2,PHX,West,Low Scorer
156,Jeff Green,PF,22.2,0.394,0.275,0.863,3.1,1.2,0.5,0.2,9.2,ORL,East,Low Scorer
157,Gerald Henderson,SG,23.2,0.423,0.353,0.8059999999999999,2.6,1.6,0.6,0.2,9.2,PHI,East,Low Scorer
158,Joe Johnson,SF,23.6,0.436,0.411,0.818,3.1,1.8,0.5,0.2,9.2,UTAH,West,Low Scorer
159,Michael Kidd-Gilchrist,SF,29.0,0.477,0.111,0.784,7.0,1.4,1.0,1.0,9.2,CHA,East,Low Scorer
160,Jameer Nelson,PG,27.3,0.444,0.388,0.7140000000000001,2.6,5.1,0.7,0.1,9.2,DEN,West,Low Scorer
161,Tony Allen,SG,27.0,0.461,0.278,0.615,5.5,1.4,1.6,0.4,9.1,MEM,West,Low Scorer
162,Channing Frye,C,18.9,0.458,0.409,0.851,3.9,0.6,0.4,0.5,9.1,CLE,East,Low Scorer
163,Montrezl Harrell,C,18.3,0.652,0.14300000000000002,0.628,3.8,1.1,0.3,0.7,9.1,HOU,West,Low Scorer
164,Jodie Meeks,SG,20.5,0.402,0.409,0.878,2.1,1.3,0.9,0.1,9.1,ORL,East,Low Scorer
165,Dahntay Jones,SF,12.0,0.375,0.0,0.75,2.0,1.0,0.0,0.0,9.0,CLE,East,Low Scorer
166,Kelly Olynyk,C,20.5,0.512,0.354,0.732,4.8,2.0,0.6,0.4,9.0,BOS,East,Low Scorer
167,Evan Turner,SF,25.5,0.426,0.263,0.825,3.8,3.2,0.8,0.4,9.0,POR,West,Low Scorer
168,DeMarre Carroll,SF,26.1,0.4,0.341,0.7609999999999999,3.8,1.0,1.1,0.4,8.9,TOR,East,Low Scorer
169,JaMychal Green,PF,27.3,0.5,0.379,0.802,7.1,1.1,0.6,0.4,8.9,MEM,West,Low Scorer
170,Skal Labissiere,PF,18.5,0.537,0.375,0.703,4.9,0.8,0.5,0.4,8.8,SAC,West,Low Scorer
171,Al-Farouq Aminu,SF,29.1,0.393,0.33,0.706,7.4,1.6,1.0,0.7,8.7,POR,West,Low Scorer
172,Rondae Hollis-Jefferson,SF,22.6,0.434,0.224,0.7509999999999999,5.8,2.0,1.1,0.6,8.7,BKN,East,Low Scorer
173,Marreese Speights,C,15.7,0.445,0.3720000000000001,0.8759999999999999,4.5,0.8,0.3,0.5,8.7,LAC,West,Low Scorer
174,Monta Ellis,SG,27.0,0.443,0.319,0.727,2.8,3.2,1.1,0.4,8.5,IND,East,Low Scorer
175,Tony Snell,SG,29.2,0.455,0.406,0.81,3.1,1.2,0.7,0.2,8.5,MIL,East,Low Scorer
176,Arron Afflalo,SG,25.9,0.44,0.411,0.892,2.0,1.3,0.3,0.1,8.4,SAC,West,Low Scorer
177,Tyson Chandler,C,27.6,0.6709999999999999,,0.7340000000000001,11.5,0.6,0.7,0.5,8.4,PHX,West,Low Scorer
178,Norman Powell,SG,18.0,0.449,0.324,0.792,2.2,1.1,0.7,0.2,8.4,TOR,East,Low Scorer
179,Troy Daniels,SG,17.7,0.374,0.389,0.7959999999999999,1.5,0.7,0.3,0.1,8.2,MEM,West,Low Scorer
180,Joe Harris,SG,21.9,0.425,0.385,0.7140000000000001,2.8,1.0,0.6,0.2,8.2,BKN,East,Low Scorer
181,Willy Hernangomez,C,18.4,0.529,0.267,0.728,7.0,1.3,0.6,0.5,8.2,NY,East,Low Scorer
182,Caris LeVert,SF,21.7,0.45,0.321,0.72,3.3,1.9,0.9,0.1,8.2,BKN,East,Low Scorer
183,Shawn Long,C,13.0,0.56,0.368,0.5429999999999999,4.7,0.7,0.5,0.5,8.2,PHI,East,Low Scorer
184,Willie Cauley-Stein,C,18.9,0.53,0.0,0.669,4.5,1.1,0.7,0.6,8.1,SAC,West,Low Scorer
185,Al Jefferson,C,14.1,0.499,0.0,0.765,4.2,0.9,0.3,0.2,8.1,IND,East,Low Scorer
186,Ben McLemore,SG,19.3,0.43,0.382,0.753,2.1,0.8,0.5,0.1,8.1,SAC,West,Low Scorer
187,Tristan Thompson,C,29.9,0.6,0.0,0.498,9.2,1.0,0.5,1.1,8.1,CLE,East,Low Scorer
188,Vince Carter,SF,24.6,0.394,0.378,0.765,3.1,1.8,0.8,0.5,8.0,MEM,West,Low Scorer
189,Alex Len,C,20.3,0.4970000000000001,0.25,0.721,6.6,0.6,0.5,1.3,8.0,PHX,West,Low Scorer
190,D.J. Augustin,PG,19.7,0.377,0.34700000000000003,0.8140000000000001,1.5,2.7,0.4,0.0,7.9,ORL,East,Low Scorer
191,Langston Galloway,PG,20.2,0.38,0.39,0.797,2.1,1.3,0.6,0.1,7.9,NO/SAC,West,Low Scorer
192,Shelvin Mack,PG,21.9,0.446,0.308,0.688,2.3,2.8,0.8,0.1,7.8,UTAH,West,Low Scorer
193,Sergio Rodriguez,PG,22.3,0.392,0.365,0.667,2.3,5.1,0.7,0.1,7.8,PHI,East,Low Scorer
194,Rajon Rondo,PG,26.7,0.408,0.376,0.6,5.1,6.7,1.4,0.2,7.8,CHI,East,Low Scorer
195,Garrett Temple,SG,26.6,0.424,0.373,0.784,2.8,2.6,1.3,0.4,7.8,SAC,West,Low Scorer
196,Justin Holiday,SG,20.0,0.433,0.355,0.825,2.7,1.2,0.8,0.4,7.7,NY,East,Low Scorer
197,Matthew Dellavedova,PG,26.1,0.39,0.3670000000000001,0.8540000000000001,1.9,4.7,0.7,0.0,7.6,MIL,East,Low Scorer
198,Luol Deng,SF,26.5,0.387,0.309,0.73,5.3,1.3,0.9,0.4,7.6,LAL,West,Low Scorer
199,Andre Iguodala,SF,26.3,0.528,0.362,0.706,4.0,3.4,1.0,0.5,7.6,GS,West,Low Scorer
200,Manu Ginobili,SG,18.7,0.39,0.392,0.804,2.3,2.7,1.2,0.2,7.5,SA,West,Low Scorer
201,Iman Shumpert,SG,25.5,0.411,0.36,0.789,2.9,1.4,0.8,0.4,7.5,CLE,East,Low Scorer
202,Ivica Zubac,C,16.0,0.529,0.0,0.653,4.2,0.8,0.4,0.9,7.5,LAL,West,Low Scorer
203,Timofey Mozgov,C,20.4,0.515,0.0,0.8079999999999999,4.9,0.8,0.3,0.6,7.4,LAL,West,Low Scorer
204,Isaiah Whitehead,PG,22.5,0.402,0.295,0.805,2.5,2.6,0.6,0.5,7.4,BKN,East,Low Scorer
205,Alan Williams,C,15.1,0.517,0.0,0.625,6.2,0.5,0.6,0.7,7.4,PHX,West,Low Scorer
206,Spencer Dinwiddie,PG,22.6,0.444,0.376,0.792,2.8,3.1,0.7,0.4,7.3,BKN,East,Low Scorer
207,Danny Green,SG,26.6,0.392,0.379,0.8440000000000001,3.3,1.8,1.0,0.8,7.3,SA,West,Low Scorer
208,David Lee,PF,18.7,0.59,,0.708,5.6,1.6,0.4,0.5,7.3,SA,West,Low Scorer
209,Tyler Ulis,PG,18.4,0.421,0.266,0.775,1.6,3.7,0.8,0.1,7.3,PHX,West,Low Scorer
210,Thabo Sefolosha,SF,25.7,0.441,0.342,0.733,4.4,1.7,1.5,0.5,7.2,ATL,East,Low Scorer
211,Rodney Stuckey,PG,17.8,0.373,0.317,0.748,2.2,2.2,0.4,0.0,7.2,IND,East,Low Scorer
212,Matt Barnes,SF,24.0,0.391,0.331,0.787,5.2,2.6,0.6,0.4,7.1,GS/SAC,West,Low Scorer
213,Tim Frazier,PG,23.5,0.403,0.313,0.76,2.7,5.2,0.9,0.1,7.1,NO,West,Low Scorer
214,Joe Ingles,SF,24.0,0.452,0.441,0.735,3.2,2.7,1.2,0.1,7.1,UTAH,West,Low Scorer
215,Brandon Jennings,PG,22.2,0.359,0.313,0.75,2.4,4.9,0.9,0.0,7.1,NY/WSH,East,Low Scorer
216,Larry Nance Jr.,PF,22.9,0.526,0.278,0.738,5.9,1.5,1.3,0.6,7.1,LAL,West,Low Scorer
217,Anthony Tolliver,PF,22.7,0.442,0.391,0.7440000000000001,3.6,1.2,0.5,0.3,7.1,SAC,West,Low Scorer
218,Solomon Hill,SF,29.7,0.383,0.348,0.805,3.8,1.8,0.9,0.4,7.0,NO,West,Low Scorer
219,Josh Huestis,PF,15.5,0.545,0.5,0.0,4.5,1.5,0.0,1.5,7.0,OKC,West,Low Scorer
220,Justin Hamilton,C,18.4,0.459,0.306,0.75,4.1,0.9,0.5,0.7,6.9,BKN,East,Low Scorer
221,T.J. McConnell,PG,26.3,0.461,0.2,0.8109999999999999,3.1,6.6,1.7,0.1,6.9,PHI,East,Low Scorer
222,Ian Clark,SG,14.8,0.487,0.374,0.759,1.6,1.2,0.5,0.1,6.8,GS,West,Low Scorer
223,Jared Dudley,PF,21.3,0.454,0.379,0.662,3.5,1.9,0.7,0.3,6.8,PHX,West,Low Scorer
224,John Henson,C,19.4,0.515,0.0,0.6920000000000001,5.1,1.0,0.5,1.3,6.8,MIL,East,Low Scorer
225,Patrick Patterson,PF,24.6,0.401,0.3720000000000001,0.7170000000000001,4.5,1.2,0.6,0.4,6.8,TOR,East,Low Scorer
226,Bobby Portis,PF,15.6,0.488,0.333,0.6609999999999999,4.6,0.5,0.3,0.2,6.8,CHI,East,Low Scorer
227,Brandan Wright,PF,16.0,0.615,0.0,0.657,2.8,0.5,0.4,0.7,6.8,MEM,West,Low Scorer
228,Alec Burks,SG,15.5,0.399,0.329,0.769,2.9,0.7,0.4,0.1,6.7,UTAH,West,Low Scorer
229,Raymond Felton,PG,21.3,0.43,0.319,0.7809999999999999,2.7,2.4,0.8,0.3,6.7,LAC,West,Low Scorer
230,Devin Harris,PG,16.7,0.399,0.328,0.8290000000000001,2.0,2.1,0.7,0.1,6.7,DAL,West,Low Scorer
231,Dwight Powell,C,17.3,0.515,0.284,0.759,4.0,0.6,0.8,0.5,6.7,DAL,West,Low Scorer
232,Jaylen Brown,SF,17.2,0.454,0.341,0.685,2.8,0.8,0.4,0.2,6.6,BOS,East,Low Scorer
233,Michael Carter-Williams,PG,18.8,0.366,0.234,0.753,3.4,2.5,0.8,0.5,6.6,CHI,East,Low Scorer
234,Dante Cunningham,SF,25.0,0.485,0.392,0.593,4.2,0.6,0.6,0.4,6.6,NO,West,Low Scorer
235,Kosta Koufos,C,20.0,0.551,0.0,0.613,5.7,0.7,0.5,0.7,6.6,SAC,West,Low Scorer
236,Andre Roberson,SF,30.1,0.464,0.245,0.423,5.1,1.0,1.2,1.0,6.6,OKC,West,Low Scorer
237,Marcus Thornton,SG,17.4,0.4,0.35,0.852,2.3,1.2,0.6,0.1,6.6,WSH,East,Low Scorer
238,Sam Dekker,SF,18.4,0.473,0.321,0.5589999999999999,3.7,1.0,0.5,0.3,6.5,HOU,West,Low Scorer
239,Amir Johnson,PF,20.1,0.5760000000000001,0.409,0.67,4.6,1.8,0.6,0.8,6.5,BOS,East,Low Scorer
240,Darrell Arthur,PF,15.6,0.442,0.453,0.8640000000000001,2.7,1.0,0.5,0.5,6.4,DEN,West,Low Scorer
241,Timothe Luwawu-Cabarrot,SF,17.2,0.402,0.311,0.8540000000000001,2.2,1.1,0.5,0.1,6.4,PHI,East,Low Scorer
242,Rodney McGruder,SG,25.2,0.413,0.332,0.62,3.3,1.6,0.6,0.2,6.4,MIA,East,Low Scorer
243,Mirza Teletovic,PF,16.2,0.373,0.341,0.778,2.3,0.7,0.2,0.2,6.4,MIL,East,Low Scorer
244,Leandro Barbosa,SG,14.4,0.439,0.35700000000000004,0.889,1.6,1.2,0.5,0.1,6.3,PHX,West,Low Scorer
245,Mindaugas Kuzminskas,SF,14.9,0.428,0.321,0.809,1.9,1.0,0.4,0.2,6.3,NY,East,Low Scorer
246,Kyle O'Quinn,C,15.6,0.521,0.118,0.7709999999999999,5.6,1.5,0.5,1.3,6.3,NY,East,Low Scorer
247,Nemanja Bjelica,PF,18.3,0.424,0.316,0.738,3.8,1.2,0.6,0.3,6.2,MIN,West,Low Scorer
248,Dante Exum,PG,18.6,0.4270000000000001,0.295,0.795,2.0,1.7,0.3,0.2,6.2,UTAH,West,Low Scorer
249,Jonathan Gibson,PG,13.6,0.368,0.333,0.7240000000000001,1.3,1.5,0.5,0.0,6.2,DAL,West,Low Scorer
250,Spencer Hawes,PF,14.8,0.484,0.309,0.846,3.5,1.5,0.3,0.6,6.2,MIL/CHA,East,Low Scorer
251,Trey Lyles,PF,16.3,0.362,0.319,0.722,3.3,1.0,0.4,0.3,6.2,UTAH,West,Low Scorer
252,Mike Muscala,C,17.7,0.504,0.418,0.7659999999999999,3.4,1.4,0.4,0.6,6.2,ATL,East,Low Scorer
253,Chandler Parsons,SF,19.9,0.338,0.269,0.8140000000000001,2.5,1.6,0.6,0.1,6.2,MEM,West,Low Scorer
254,Ramon Sessions,PG,16.2,0.38,0.339,0.7709999999999999,1.5,2.6,0.5,0.1,6.2,CHA,East,Low Scorer
255,Jonathon Simmons,SG,17.8,0.42,0.294,0.75,2.1,1.6,0.6,0.3,6.2,SA,West,Low Scorer
256,Troy Williams,SF,18.6,0.4370000000000001,0.29,0.6559999999999999,2.3,0.8,0.9,0.3,6.2,HOU/MEM,West,Low Scorer
257,Luc Mbah a Moute,SF,22.3,0.505,0.391,0.6779999999999999,2.1,0.5,1.0,0.4,6.1,LAC,West,Low Scorer
258,JaVale McGee,C,9.6,0.652,0.0,0.505,3.2,0.2,0.2,0.9,6.1,GS,West,Low Scorer
259,Zaza Pachulia,C,18.1,0.534,0.0,0.778,5.9,1.9,0.8,0.5,6.1,GS,West,Low Scorer
260,Derrick Williams,PF,16.1,0.443,0.309,0.652,2.6,0.6,0.3,0.1,6.1,CLE/MIA,East,Low Scorer
261,Alex Abrines,SG,15.5,0.393,0.381,0.898,1.3,0.6,0.5,0.1,6.0,OKC,West,Low Scorer
262,Bismack Biyombo,C,22.1,0.528,,0.534,7.0,0.9,0.3,1.1,6.0,ORL,East,Low Scorer
263,David Nwaba,SG,19.9,0.58,0.2,0.6409999999999999,3.2,0.7,0.7,0.4,6.0,LAL,West,Low Scorer
264,Lance Thomas,PF,21.0,0.398,0.447,0.843,3.1,0.8,0.5,0.1,6.0,NY,East,Low Scorer
265,Jerian Grant,PG,16.3,0.425,0.366,0.89,1.8,1.9,0.7,0.1,5.9,CHI,East,Low Scorer
266,Andrew Harrison,PG,20.5,0.325,0.276,0.763,1.9,2.8,0.7,0.3,5.9,MEM,West,Low Scorer
267,Domantas Sabonis,PF,20.1,0.399,0.321,0.657,3.6,1.0,0.5,0.4,5.9,OKC,West,Low Scorer
268,Beno Udrih,PG,14.4,0.467,0.344,0.941,1.5,3.4,0.3,0.0,5.8,DET,East,Low Scorer
269,Tarik Black,C,16.3,0.51,0.5,0.752,5.1,0.6,0.4,0.7,5.7,LAL,West,Low Scorer
270,Richard Jefferson,SF,20.4,0.446,0.333,0.741,2.6,1.0,0.3,0.1,5.7,CLE,East,Low Scorer
271,Jason Smith,C,14.4,0.529,0.474,0.6859999999999999,3.5,0.5,0.3,0.7,5.7,WSH,East,Low Scorer
272,Brandon Bass,PF,11.1,0.575,0.333,0.875,2.5,0.4,0.3,0.2,5.6,LAC,West,Low Scorer
273,Quinn Cook,PG,13.4,0.5,0.423,0.4,0.5,1.9,0.3,0.0,5.6,NO/DAL,West,Low Scorer
274,Gerald Green,SF,11.4,0.409,0.35100000000000003,0.805,1.8,0.7,0.2,0.1,5.6,BOS,East,Low Scorer
275,Ian Mahinmi,C,17.9,0.586,,0.573,4.8,0.6,1.1,0.8,5.6,WSH,East,Low Scorer
276,Georgios Papagiannis,C,16.1,0.5489999999999999,0.0,0.857,3.9,0.9,0.1,0.8,5.6,SAC,West,Low Scorer
277,Delon Wright,PG,16.5,0.422,0.333,0.764,1.8,2.1,1.0,0.4,5.6,TOR,East,Low Scorer
278,Boban Marjanovic,C,8.4,0.545,,0.81,3.7,0.3,0.2,0.3,5.5,DET,East,Low Scorer
279,Terry Rozier,PG,17.1,0.3670000000000001,0.318,0.773,3.1,1.8,0.6,0.1,5.5,BOS,East,Low Scorer
280,Paul Zipser,SF,19.2,0.398,0.333,0.775,2.8,0.8,0.3,0.4,5.5,CHI,East,Low Scorer
281,Malcolm Delaney,PG,17.1,0.374,0.236,0.8059999999999999,1.7,2.6,0.5,0.0,5.4,ATL,East,Low Scorer
282,Meyers Leonard,PF,16.5,0.386,0.34700000000000003,0.875,3.2,1.0,0.2,0.4,5.4,POR,West,Low Scorer
283,Alexis Ajinca,C,15.0,0.5,0.0,0.725,4.5,0.3,0.5,0.6,5.3,NO,West,Low Scorer
284,Chasson Randle,PG,11.5,0.408,0.34,0.953,1.2,1.3,0.3,0.1,5.3,NY/PHI,East,Low Scorer
285,Willie Reed,C,14.5,0.568,0.25,0.557,4.7,0.4,0.3,0.7,5.3,MIA,East,Low Scorer
286,Omri Casspi,SF,17.9,0.47,0.349,0.586,3.1,1.0,0.6,0.1,5.2,NO/MIN/SAC,West,Low Scorer
287,Mike Dunleavy,SF,15.9,0.423,0.396,0.8,2.2,0.9,0.3,0.1,5.2,ATL/CLE,East,Low Scorer
288,Randy Foye,SG,18.6,0.363,0.33,0.857,2.2,2.0,0.5,0.1,5.2,BKN,East,Low Scorer
289,Dewayne Dedmon,C,17.5,0.622,,0.6990000000000001,6.5,0.6,0.5,0.8,5.1,SA,West,Low Scorer
290,Cheick Diallo,PF,11.7,0.474,,0.7140000000000001,4.3,0.2,0.2,0.4,5.1,NO,West,Low Scorer
291,Shaun Livingston,PG,17.7,0.547,0.333,0.7,2.0,1.8,0.5,0.3,5.1,GS,West,Low Scorer
292,Luis Scola,PF,12.8,0.47,0.34,0.6759999999999999,3.9,1.0,0.4,0.1,5.1,BKN,East,Low Scorer
293,Wayne Selden,SG,16.9,0.431,0.25,0.636,1.1,0.9,0.4,0.1,5.1,NO/MEM,West,Low Scorer
294,Denzel Valentine,SG,17.1,0.354,0.35100000000000003,0.778,2.6,1.1,0.5,0.1,5.1,CHI,East,Low Scorer
295,Anthony Bennett,PF,11.5,0.413,0.271,0.722,3.4,0.5,0.2,0.1,5.0,BKN,East,Low Scorer
296,Aaron Brooks,PG,13.8,0.403,0.375,0.8,1.1,1.9,0.4,0.1,5.0,IND,East,Low Scorer
297,Trey Burke,PG,12.3,0.455,0.443,0.759,0.8,1.8,0.2,0.1,5.0,WSH,East,Low Scorer
298,Joakim Noah,C,22.1,0.49,0.0,0.436,8.8,2.2,0.7,0.8,5.0,NY,East,Low Scorer
299,Thomas Robinson,PF,11.7,0.536,0.0,0.47,4.6,0.6,0.5,0.2,5.0,LAL,West,Low Scorer
300,Aron Baynes,C,15.5,0.513,,0.84,4.4,0.4,0.2,0.5,4.9,DET,East,Low Scorer
301,Juan Hernangomez,PF,13.6,0.451,0.407,0.75,3.0,0.5,0.5,0.2,4.9,DEN,West,Low Scorer
302,Mario Hezonja,SF,14.8,0.355,0.299,0.8,2.2,1.0,0.5,0.2,4.9,ORL,East,Low Scorer
303,Josh McRoberts,PF,17.3,0.373,0.419,0.667,3.4,2.3,0.5,0.2,4.9,MIA,East,Low Scorer
304,Tiago Splitter,C,9.5,0.452,0.333,0.818,2.8,0.5,0.1,0.1,4.9,PHI,East,Low Scorer
305,Luke Babbitt,SF,15.7,0.402,0.414,0.733,2.1,0.5,0.3,0.2,4.8,MIA,East,Low Scorer
306,Jarell Eddie,SF,12.4,0.316,0.25,0.889,1.4,0.0,0.2,0.0,4.8,PHX,West,Low Scorer
307,Cristiano Felicio,C,15.8,0.579,,0.645,4.7,0.6,0.4,0.3,4.8,CHI,East,Low Scorer
308,Kevin Seraphin,PF,11.4,0.551,0.0,0.636,2.9,0.5,0.1,0.4,4.7,IND,East,Low Scorer
309,Isaiah Canaan,SG,15.2,0.364,0.266,0.909,1.3,0.9,0.6,0.0,4.6,CHI,East,Low Scorer
310,Boris Diaw,PF,17.6,0.446,0.247,0.743,2.2,2.3,0.2,0.1,4.6,UTAH,West,Low Scorer
311,Kris Humphries,PF,12.3,0.407,0.35200000000000004,0.78,3.7,0.5,0.3,0.4,4.6,ATL,East,Low Scorer
312,David West,C,12.6,0.536,0.375,0.768,3.0,2.2,0.6,0.7,4.6,GS,West,Low Scorer
313,Davis Bertans,PF,12.1,0.44,0.399,0.8240000000000001,1.5,0.7,0.3,0.4,4.5,SA,West,Low Scorer
314,Corey Brewer,SF,15.6,0.422,0.229,0.735,2.0,1.2,0.7,0.2,4.5,HOU/LAL,West,Low Scorer
315,Reggie Bullock,SF,15.1,0.422,0.384,0.7140000000000001,2.1,0.9,0.6,0.1,4.5,DET,East,Low Scorer
316,C.J. Watson,PG,16.3,0.387,0.305,0.8640000000000001,1.4,1.8,0.7,0.0,4.5,ORL,East,Low Scorer
317,Pierre Jackson,PG,10.5,0.333,0.273,0.857,1.1,2.4,0.3,0.0,4.4,DAL,West,Low Scorer
318,Stanley Johnson,SF,17.8,0.353,0.292,0.679,2.5,1.4,0.7,0.3,4.4,DET,East,Low Scorer
319,Jordan McRae,SG,10.4,0.387,0.353,0.794,1.1,0.5,0.2,0.2,4.4,CLE,East,Low Scorer
320,Donatas Motiejunas,PF,14.1,0.413,0.234,0.51,3.0,0.9,0.5,0.3,4.4,NO,West,Low Scorer
321,Lucas Nogueira,C,19.1,0.66,0.25,0.657,4.3,0.7,0.9,1.6,4.4,TOR,East,Low Scorer
322,Jarrod Uthoff,PF,12.8,0.421,0.333,0.7140000000000001,2.4,1.0,0.2,0.4,4.4,DAL,West,Low Scorer
323,Noah Vonleh,PF,17.1,0.481,0.35,0.638,5.2,0.4,0.4,0.4,4.4,POR,West,Low Scorer
324,Ed Davis,PF,17.2,0.528,,0.617,5.3,0.6,0.3,0.5,4.3,POR,West,Low Scorer
325,Tyler Ennis,PG,11.1,0.433,0.386,0.84,0.8,1.6,0.5,0.0,4.3,HOU/LAL,West,Low Scorer
326,Dorian Finney-Smith,PF,20.3,0.3720000000000001,0.293,0.754,2.7,0.8,0.6,0.3,4.3,DAL,West,Low Scorer
327,Brandon Rush,SG,21.9,0.374,0.386,0.722,2.1,1.0,0.5,0.5,4.2,MIN,West,Low Scorer
328,Pascal Siakam,PF,15.6,0.502,0.14300000000000002,0.688,3.4,0.3,0.5,0.8,4.2,TOR,East,Low Scorer
329,Ron Baker,SG,16.5,0.378,0.267,0.6509999999999999,1.9,2.1,0.7,0.2,4.1,NY,East,Low Scorer
330,Shabazz Napier,PG,9.7,0.399,0.37,0.7759999999999999,1.2,1.3,0.6,0.0,4.1,POR,West,Low Scorer
331,Jason Terry,SG,18.4,0.4320000000000001,0.4270000000000001,0.828,1.4,1.3,0.6,0.3,4.1,MIL,East,Low Scorer
332,Kay Felder,PG,9.2,0.392,0.318,0.7140000000000001,1.0,1.4,0.4,0.2,4.0,CLE,East,Low Scorer
333,Thon Maker,C,9.9,0.459,0.378,0.653,2.0,0.4,0.2,0.5,4.0,MIL,East,Low Scorer
334,Patrick McCaw,SG,15.1,0.433,0.333,0.784,1.4,1.1,0.5,0.2,4.0,GS,West,Low Scorer
335,Jarell Martin,PF,13.3,0.384,0.36,0.8,3.9,0.2,0.4,0.2,3.9,MEM,West,Low Scorer
336,Malik Beasley,SG,7.5,0.452,0.321,0.8,0.8,0.5,0.3,0.0,3.8,DEN,West,Low Scorer
337,Kris Dunn,PG,17.1,0.377,0.28800000000000003,0.61,2.1,2.4,1.0,0.5,3.8,MIN,West,Low Scorer
338,Jonas Jerebko,PF,15.8,0.435,0.34600000000000003,0.703,3.5,0.9,0.3,0.2,3.8,BOS,East,Low Scorer
339,Malachi Richardson,SG,9.0,0.412,0.28600000000000003,0.789,1.0,0.5,0.2,0.0,3.6,SAC,West,Low Scorer
340,Tyus Jones,PG,12.9,0.414,0.35600000000000004,0.767,1.1,2.6,0.8,0.1,3.5,MIN,West,Low Scorer
341,Adreian Payne,PF,7.5,0.426,0.2,0.737,1.8,0.4,0.4,0.4,3.5,MIN,West,Low Scorer
342,Brian Roberts,PG,10.1,0.377,0.386,0.846,1.0,1.3,0.2,0.0,3.5,CHA,East,Low Scorer
343,Rashad Vaughn,SG,11.2,0.365,0.321,0.4,1.2,0.6,0.5,0.2,3.5,MIL,East,Low Scorer
344,Tyler Zeller,C,10.3,0.494,0.0,0.564,2.4,0.8,0.1,0.4,3.5,BOS,East,Low Scorer
345,Kyle Anderson,SG,14.2,0.445,0.375,0.789,2.9,1.3,0.7,0.4,3.4,SA,West,Low Scorer
346,Dragan Bender,PF,13.3,0.354,0.277,0.364,2.4,0.5,0.2,0.5,3.4,PHX,West,Low Scorer
347,Dejounte Murray,PG,8.5,0.431,0.391,0.7,1.1,1.3,0.2,0.2,3.4,SA,West,Low Scorer
348,Jared Sullinger,PF,10.7,0.319,0.16699999999999998,0.5,2.5,0.3,0.4,0.1,3.4,TOR,East,Low Scorer
349,Norris Cole,PG,9.6,0.308,0.231,0.8,0.8,1.1,0.6,0.0,3.3,OKC,West,Low Scorer
350,Darrun Hilliard,SG,9.8,0.373,0.261,0.75,0.8,0.8,0.3,0.1,3.3,DET,East,Low Scorer
351,Nicolas Laprovittola,PG,9.7,0.426,0.37,1.0,0.6,1.6,0.2,0.1,3.3,SA,West,Low Scorer
352,Henry Ellenson,PF,7.7,0.359,0.28600000000000003,0.5,2.2,0.4,0.1,0.1,3.2,DET,East,Low Scorer
353,Paul Pierce,SF,11.1,0.4,0.349,0.769,1.9,0.4,0.2,0.2,3.2,LAC,West,Low Scorer
354,Maurice Ndour,PF,10.3,0.453,0.14300000000000002,0.731,2.0,0.3,0.5,0.3,3.1,NY,East,Low Scorer
355,Jakob Poeltl,C,11.6,0.583,,0.544,3.1,0.2,0.3,0.4,3.1,TOR,East,Low Scorer
356,Jarrett Jack,PG,16.5,0.667,0.0,1.0,0.0,2.5,1.0,0.0,3.0,NO,West,Low Scorer
357,Sasha Vujacic,SG,9.7,0.309,0.311,0.708,1.4,1.2,0.3,0.0,3.0,NY,East,Low Scorer
358,Lavoy Allen,PF,14.3,0.458,0.0,0.6970000000000001,3.6,0.9,0.3,0.4,2.9,IND,East,Low Scorer
359,Alan Anderson,SF,10.3,0.375,0.318,0.75,0.8,0.4,0.1,0.0,2.9,LAC,West,Low Scorer
360,Semaj Christon,PG,15.2,0.345,0.19,0.5479999999999999,1.4,2.0,0.4,0.1,2.9,OKC,West,Low Scorer
361,Salah Mejri,C,12.4,0.642,0.333,0.59,4.2,0.2,0.4,0.8,2.9,DAL,West,Low Scorer
362,Fred VanVleet,PG,7.9,0.35100000000000003,0.379,0.818,1.1,0.9,0.4,0.1,2.9,TOR,East,Low Scorer
363,Jeff Withey,C,8.5,0.534,0.0,0.75,2.4,0.1,0.3,0.6,2.9,UTAH,West,Low Scorer
364,Nicolas Brussino,SF,9.6,0.369,0.305,0.773,1.8,0.9,0.3,0.1,2.8,DAL,West,Low Scorer
365,James Jones,SF,7.9,0.478,0.47,0.65,0.8,0.3,0.1,0.2,2.8,CLE,East,Low Scorer
366,James Michael McAdoo,PF,8.8,0.53,0.25,0.5,1.8,0.3,0.3,0.6,2.8,GS,West,Low Scorer
367,Chinanu Onuaku,C,10.4,0.7140000000000001,,1.0,2.0,0.6,0.6,0.2,2.8,HOU,West,Low Scorer
368,Kyle Singler,SF,12.0,0.41,0.189,0.765,1.5,0.3,0.2,0.2,2.8,OKC,West,Low Scorer
369,Okaro White,PF,13.5,0.379,0.353,0.909,2.3,0.6,0.3,0.3,2.8,MIA,East,Low Scorer
370,Omer Asik,C,15.5,0.477,,0.59,5.3,0.5,0.2,0.3,2.7,NO,West,Low Scorer
371,DeAndre' Bembry,SF,9.8,0.48,0.056,0.375,1.6,0.7,0.2,0.1,2.7,ATL,East,Low Scorer
372,Marcelo Huertas,PG,10.3,0.368,0.211,0.529,1.0,2.3,0.4,0.1,2.7,LAL,West,Low Scorer
373,Wesley Johnson,SF,11.9,0.365,0.246,0.647,2.7,0.3,0.4,0.4,2.7,LAC,West,Low Scorer
374,Tomas Satoransky,SG,12.6,0.415,0.243,0.6970000000000001,1.5,1.6,0.5,0.1,2.7,WSH,East,Low Scorer
375,Christian Wood,PF,8.2,0.522,0.0,0.733,2.2,0.2,0.2,0.5,2.7,CHA,East,Low Scorer
376,Bryn Forbes,SG,7.9,0.364,0.321,0.833,0.6,0.6,0.0,0.0,2.6,SA,West,Low Scorer
377,Andrew Nicholson,PF,9.0,0.387,0.185,0.643,1.6,0.3,0.4,0.2,2.6,BKN/WSH,East,Low Scorer
378,Bobby Brown,PG,4.9,0.383,0.4,1.0,0.2,0.6,0.0,0.0,2.5,HOU,West,Low Scorer
379,Pat Connaughton,SG,8.1,0.514,0.515,0.778,1.3,0.7,0.2,0.1,2.5,POR,West,Low Scorer
380,Kevon Looney,C,8.4,0.523,0.222,0.618,2.3,0.5,0.3,0.3,2.5,GS,West,Low Scorer
381,Raul Neto,PG,8.7,0.451,0.32299999999999995,0.889,0.8,0.9,0.5,0.1,2.5,UTAH,West,Low Scorer
382,Miles Plumlee,C,10.8,0.478,,0.6409999999999999,2.1,0.5,0.4,0.3,2.5,MIL/CHA,East,Low Scorer
383,Mike Scott,PF,10.8,0.28800000000000003,0.14800000000000002,0.875,2.1,0.9,0.2,0.2,2.5,ATL,East,Low Scorer
384,Chris Andersen,C,9.5,0.409,0.0,0.7140000000000001,2.6,0.4,0.4,0.6,2.3,CLE,East,Low Scorer
385,Chris McCullough,PF,5.0,0.5,0.14300000000000002,0.6,1.2,0.1,0.1,0.1,2.3,BKN/WSH,East,Low Scorer
386,Greivis Vasquez,PG,13.0,0.25,0.333,0.667,0.7,1.7,0.3,0.3,2.3,BKN,East,Low Scorer
387,Metta World Peace,SF,6.4,0.279,0.237,0.625,0.8,0.4,0.4,0.1,2.3,LAL,West,Low Scorer
388,James Young,SG,7.6,0.431,0.343,0.667,0.9,0.1,0.3,0.1,2.3,BOS,East,Low Scorer
389,Jake Layman,SF,7.1,0.292,0.255,0.765,0.7,0.3,0.3,0.1,2.2,POR,West,Low Scorer
390,Treveon Graham,SG,7.0,0.475,0.6,0.667,0.8,0.2,0.2,0.0,2.1,CHA,East,Low Scorer
391,Joe Young,PG,4.1,0.361,0.217,0.733,0.5,0.5,0.1,0.0,2.1,IND,East,Low Scorer
392,Rakeem Christmas,PF,7.6,0.442,,0.7240000000000001,1.9,0.1,0.1,0.2,2.0,IND,East,Low Scorer
393,Demetrius Jackson,PG,3.4,0.75,1.0,0.5,0.8,0.6,0.0,0.0,2.0,BOS,East,Low Scorer
394,Udonis Haslem,C,8.1,0.478,0.0,0.6,2.3,0.4,0.4,0.1,1.9,MIA,East,Low Scorer
395,Damian Jones,C,8.5,0.5,,0.3,2.3,0.0,0.1,0.4,1.9,GS,West,Low Scorer
396,Marshall Plumlee,C,8.1,0.5329999999999999,,0.421,2.4,0.5,0.2,0.2,1.9,NY,East,Low Scorer
397,Tim Quarterman,SG,5.0,0.448,0.385,0.0,0.9,0.7,0.1,0.2,1.9,POR,West,Low Scorer
398,Joel Bolomboy,PF,4.4,0.563,0.25,0.5,1.4,0.2,0.1,0.2,1.8,UTAH,West,Low Scorer
399,Lamar Patterson,SG,8.0,0.2,0.16699999999999998,0.667,1.4,1.2,0.2,0.0,1.8,ATL,East,Low Scorer
400,Damjan Rudez,SF,7.0,0.35200000000000004,0.313,,0.6,0.4,0.3,0.0,1.8,ORL,East,Low Scorer
401,Cole Aldrich,C,8.6,0.523,,0.682,2.5,0.4,0.4,0.4,1.7,MIN,West,Low Scorer
402,Nick Collison,PF,6.4,0.609,0.0,0.625,1.6,0.6,0.1,0.1,1.7,OKC,West,Low Scorer
403,Jordan Hill,C,6.7,0.385,,1.0,2.0,0.0,0.1,0.0,1.7,MIN,West,Low Scorer
404,Bruno Caboclo,SF,4.4,0.375,0.333,,1.1,0.4,0.2,0.1,1.6,TOR,East,Low Scorer
405,Deyonta Davis,C,6.6,0.511,,0.556,1.7,0.1,0.1,0.5,1.6,MEM,West,Low Scorer
406,Ryan Kelly,PF,6.9,0.28600000000000003,0.4,0.833,1.1,0.5,0.3,0.3,1.6,ATL,East,Low Scorer
407,Jordan Mickey,PF,5.6,0.441,0.0,0.5710000000000001,1.4,0.3,0.1,0.2,1.5,BOS,East,Low Scorer
408,Mike Miller,SF,7.6,0.391,0.4,1.0,1.9,1.1,0.1,0.0,1.4,DEN,West,Low Scorer
409,Diamond Stone,C,3.4,0.231,,1.0,0.9,0.0,0.0,0.1,1.4,LAC,West,Low Scorer
410,Joel Anthony,C,6.4,0.625,,0.625,1.6,0.2,0.1,0.3,1.3,SA,West,Low Scorer
411,Brice Johnson,PF,3.0,0.28600000000000003,,,1.0,0.3,0.7,0.3,1.3,LAC,West,Low Scorer
412,Daniel Ochefu,C,3.9,0.444,,0.0,1.2,0.2,0.1,0.0,1.3,WSH,East,Low Scorer
413,Anderson Varejao,C,6.6,0.35700000000000004,,0.727,1.9,0.7,0.2,0.2,1.3,GS,West,Low Scorer
414,Stephen Zimmerman,C,5.7,0.32299999999999995,,0.6,1.8,0.2,0.1,0.3,1.2,ORL,East,Low Scorer
415,Ronnie Price,PG,9.6,0.16699999999999998,0.17600000000000002,0.75,0.8,1.3,0.8,0.1,1.0,PHX,West,Low Scorer
416,Mike Tobey,C,12.5,0.25,,,1.5,0.5,0.0,0.0,1.0,CHA,East,Low Scorer
417,Georges Niang,PF,4.0,0.25,0.083,1.0,0.7,0.2,0.1,0.0,0.9,IND,East,Low Scorer
418,Kyle Wiltjer,PF,3.1,0.28600000000000003,0.308,0.5,0.7,0.1,0.2,0.1,0.9,HOU,West,Low Scorer
419,Alonzo Gee,SF,6.8,0.214,0.0,0.556,1.2,0.5,0.4,0.1,0.8,DEN,West,Low Scorer
420,Isaiah Taylor,PG,13.0,0.14300000000000002,0.0,0.5,0.8,0.8,0.3,0.3,0.8,HOU,West,Low Scorer
421,Michael Gbinije,SG,3.6,0.1,0.0,1.0,0.3,0.2,0.0,0.0,0.4,DET,East,Low Scorer
422,John Lucas III,PG,2.2,0.25,0.0,,0.0,0.2,0.4,0.0,0.4,MIN,West,Low Scorer
423,Aaron Harrison,SG,3.4,0.0,0.0,0.5,0.6,0.6,0.0,0.0,0.2,CHA,East,Low Scorer
